CustomerID,LookalikeCustomerID,SimilarityScore
C0001,C0017,0.964992617792215
C0002,C0007,0.902773783846511
C0007,C0020,0.9099629851227068
C0016,C0018,0.9701979106640658
C0016,C0002,0.964992617792215
C0017,C0017,0.9701979106640658
C0019,C0008,0.9099629851227068
